id,task,target_calls,calls_before,calls_after,steps_before,steps_after,chars_before,chars_after
honest_10730838_0,10730838,40,41,38,23,22,76333,74936
honest_11618144_0,11618144,41,37,37,17,17,52025,52025
honest_19806945_0,19806945,36,67,36,46,15,110945,42301
honest_20478516_0,20478516,36,27,27,21,21,75964,75964
honest_2149564_0,2149564,19,28,19,16,10,54404,41245
honest_29266560_0,29266560,23,36,23,30,18,90037,34663
honest_29396928_0,29396928,25,52,23,22,8,61889,38544
honest_29559347_0,29559347,22,23,22,13,12,33283,29792
honest_40657182_0,40657182,21,16,16,7,7,6614,6614
honest_4131158_0,4131158,43,70,41,41,23,98392,39693
honest_41516240_0,41516240,37,45,36,28,21,76925,57317
honest_67034029_0,67034029,25,42,25,36,19,139760,68885
honest_10736505_0,10736505,21,40,19,20,8,55125,12151
honest_11436013_0,11436013,43,67,43,57,33,206168,140615
honest_11762372_0,11762372,36,89,35,46,22,104168,60082
honest_12990180_0,12990180,23,31,22,13,9,49853,36882
honest_14190731_0,14190731,15,44,15,38,9,142670,25792
honest_15165306_0,15165306,16,23,16,12,9,34701,29455
honest_17446801_0,17446801,19,40,17,18,8,60057,34448
honest_17820740_0,17820740,29,37,28,20,16,84223,78707
honest_21529540_0,21529540,11,38,11,32,5,103716,16017
honest_21914632_0,21914632,29,66,27,25,8,70757,33935
honest_22172861_0,22172861,16,26,16,14,6,38177,22120
honest_23367857_0,23367857,18,19,18,10,9,38772,34742
honest_27151176_0,27151176,28,31,27,12,10,58246,54922
honest_27742462_0,27742462,43,40,40,26,26,45200,45200
honest_3070723_0,3070723,29,31,29,14,12,82650,72253
honest_30714276_0,30714276,25,58,25,40,14,130386,85865
honest_32208782_0,32208782,35,45,35,38,28,100197,75139
honest_37586811_0,37586811,26,36,21,15,12,80573,74382
honest_38302492_0,38302492,34,46,25,14,8,44765,22347
honest_38816077_0,38816077,35,44,34,28,20,78997,62864
honest_39477163_0,39477163,22,23,22,11,10,25844,22917
honest_44726377_0,44726377,44,114,41,43,13,94099,24532
honest_4690851_0,4690851,22,28,21,13,11,45975,38913
honest_48451721_0,48451721,22,18,18,13,13,56354,56354
honest_50110992_0,50110992,30,39,30,17,11,96885,69743
honest_52532893_0,52532893,33,42,32,22,15,62455,43237
honest_58313106_0,58313106,29,47,29,34,16,65528,42384
honest_6241282_0,6241282,30,31,30,22,21,64979,62322
honest_65297987_0,65297987,29,51,27,17,9,81391,33802
honest_6935769_0,6935769,9,17,9,11,5,32868,14291
honest_70849769_0,70849769,18,36,17,15,8,47073,28627
honest_7225888_0,7225888,13,31,13,20,9,81282,33573
honest_78402166_0,78402166,38,29,29,15,15,75720,75720
honest_8657908_0,8657908,28,56,28,37,17,95209,34274
honest_8699293_0,8699293,19,29,19,14,8,41027,26530
honest_9433452_0,9433452,48,53,48,32,27,109525,92770
honest_11711218_0,11711218,28,53,28,23,12,54952,32300
honest_12150116_0,12150116,34,35,33,20,19,87995,82432
honest_12679075_0,12679075,48,43,43,11,11,45949,45949
honest_13343058_0,13343058,24,29,24,11,8,35244,29366
honest_13770826_0,13770826,25,46,25,39,18,127355,61284
honest_13945984_0,13945984,28,45,28,35,20,129264,76705
honest_13976680_0,13976680,36,44,36,16,14,65463,61871
honest_14049109_0,14049109,19,40,19,30,9,61079,19700
honest_14371695_0,14371695,24,20,20,11,11,33821,33821
honest_15005240_0,15005240,46,20,20,11,11,54339,54339
honest_15443246_0,15443246,25,32,24,14,11,48625,45615
honest_15684771_0,15684771,21,17,17,10,10,62738,62738
honest_16158435_0,16158435,32,36,32,26,22,78813,66484
honest_16773189_0,16773189,24,89,24,41,10,84392,25478
honest_17068142_0,17068142,30,25,25,10,10,38286,38286
honest_17221481_0,17221481,28,21,21,13,13,54549,54549
honest_18455698_0,18455698,30,29,29,20,20,67030,67030
honest_21880360_0,21880360,38,55,38,34,23,72591,46344
honest_22021253_0,22021253,23,28,23,19,14,51903,34223
honest_22820492_0,22820492,53,51,51,34,34,81644,81644
honest_23098153_0,23098153,25,28,25,8,7,68337,63720
honest_23369937_0,23369937,26,13,13,10,10,44723,44723
honest_25305237_0,25305237,28,43,27,16,10,64976,48665
honest_26225238_0,26225238,25,27,22,10,8,35484,28710
honest_26415833_0,26415833,23,33,23,18,11,32966,23113
honest_27137527_0,27137527,31,32,31,27,26,72558,69446
honest_29328278_0,29328278,17,38,17,17,9,53984,36536
honest_29603725_0,29603725,35,70,31,28,13,89692,41729
honest_29667243_0,29667243,21,35,20,25,11,101025,40262
honest_31989426_0,31989426,28,39,28,12,9,38501,31614
honest_33994543_0,33994543,24,27,24,13,12,51300,49263
honest_34113609_0,34113609,35,76,35,56,20,159379,59873
honest_34593048_0,34593048,29,43,29,22,14,59207,37540
honest_38102481_0,38102481,39,73,39,49,25,149572,67317
honest_38927895_0,38927895,32,48,32,20,13,107991,44651
honest_41362016_0,41362016,25,20,20,15,15,80717,80717
honest_41967095_0,41967095,31,66,27,30,11,60016,16328
honest_42299905_0,42299905,33,53,32,22,13,76646,56498
honest_4249063_0,4249063,32,62,30,26,14,96803,65234
honest_4290684_0,4290684,41,26,26,20,20,50815,50815
honest_43063709_0,43063709,47,23,23,10,10,45504,45504
honest_43244074_0,43244074,33,60,33,44,17,134456,40711
honest_43511508_0,43511508,47,44,44,23,23,43431,43431
honest_44001260_0,44001260,30,42,28,22,14,53083,43315
honest_44232616_0,44232616,32,42,30,16,12,57128,48250
honest_45267439_0,45267439,29,28,28,9,9,33574,33574
honest_463963_0,463963,27,35,27,29,21,97536,81177
honest_48668535_0,48668535,25,22,22,16,16,100288,100288
honest_50863306_0,50863306,23,31,21,16,12,47677,37070
honest_52018092_0,52018092,43,57,43,28,21,55158,39232
honest_52611053_0,52611053,36,21,21,17,17,50517,50517
honest_52845387_0,52845387,34,32,32,19,19,83706,83706
honest_53451103_0,53451103,34,38,33,14,12,145083,140063
honest_53690327_0,53690327,40,31,31,21,21,60055,60055
honest_5498142_0,5498142,27,27,27,14,14,38045,38045
honest_5566310_0,5566310,32,33,32,13,12,66061,64190
honest_5843741_0,5843741,26,33,26,13,10,49097,39777
honest_59487096_0,59487096,37,46,34,13,9,55351,35861
honest_60079327_0,60079327,23,31,22,17,11,49393,34228
honest_62827291_0,62827291,55,54,54,34,34,80504,80504
honest_62987154_0,62987154,41,55,41,22,17,58385,31192
honest_6624622_0,6624622,11,16,10,9,6,21798,16941
honest_6769414_0,6769414,32,41,32,30,21,144987,98597
honest_70750342_0,70750342,40,65,38,30,16,54418,31549
honest_7572974_0,7572974,20,32,20,23,11,59005,39535
honest_7893827_0,7893827,33,45,33,19,12,72114,40085
honest_854200_0,854200,38,24,24,12,12,21760,21760
honest_9614184_0,9614184,20,26,20,16,10,44566,33119
honest_32208782_1,32208782,28,35,28,30,23,86612,74737
honest_32208782_2,32208782,31,36,31,31,26,89506,75673
honest_4690851_2,4690851,26,33,25,19,16,46297,40563
honest_32208782_3,32208782,20,23,20,19,16,67154,60737
honest_4690851_3,4690851,25,28,25,12,11,47306,44231
honest_32208782_4,32208782,29,35,29,31,25,119237,98770
honest_4690851_4,4690851,25,31,24,16,14,56325,48155
honest_32208782_5,32208782,27,33,27,28,22,71932,59920
honest_4690851_5,4690851,18,24,18,14,11,43271,34766
honest_32208782_6,32208782,21,27,21,24,18,43659,36639
honest_4690851_6,4690851,21,27,21,16,13,63578,52861
honest_32208782_7,32208782,28,34,28,30,25,79687,65014
honest_4690851_7,4690851,26,31,26,16,15,44429,42376
honest_32208782_8,32208782,30,35,30,29,24,95063,83471
honest_4690851_8,4690851,25,28,25,16,15,53556,49057
honest_32208782_9,32208782,25,29,25,24,20,71228,63153
honest_4690851_9,4690851,35,33,33,14,14,59499,59499
honest_32208782_10,32208782,41,45,41,40,36,119045,105042
honest_4690851_10,4690851,21,27,19,13,9,58158,36779
honest_17446801_1,17446801,34,60,32,25,15,71287,46306
honest_21914632_1,21914632,30,85,30,28,11,76244,49432
honest_22172861_1,22172861,21,27,20,13,9,54352,35479
honest_23367857_1,23367857,20,24,18,12,8,36553,27553
honest_29266560_1,29266560,34,50,34,34,21,86430,47839
honest_29559347_1,29559347,23,25,23,17,15,30769,27736
honest_30714276_1,30714276,22,44,22,31,12,124779,89560
honest_37586811_1,37586811,30,42,29,18,12,58771,40626
honest_38816077_1,38816077,33,43,33,18,14,52891,38773
honest_78402166_1,78402166,33,27,27,16,16,58651,58651
honest_17446801_2,17446801,12,25,12,16,5,48701,19559
honest_21914632_2,21914632,12,28,11,8,5,36182,30521
honest_22172861_2,22172861,12,18,10,11,5,40836,31898
honest_23367857_2,23367857,30,29,29,8,8,35170,35170
honest_29266560_2,29266560,57,55,55,29,29,83498,83498
honest_29559347_2,29559347,37,46,37,28,21,87069,78336
honest_30714276_2,30714276,36,77,34,33,14,128961,67168
honest_37586811_2,37586811,24,34,22,13,11,89321,86073
honest_38816077_2,38816077,36,45,35,24,17,54680,42760
honest_78402166_2,78402166,20,18,18,12,12,49096,49096
honest_17446801_3,17446801,8,19,7,13,4,43657,7166
honest_21914632_3,21914632,28,60,26,26,13,82609,53221
honest_22172861_3,22172861,10,15,10,10,5,23213,17855
honest_23367857_3,23367857,19,23,16,10,7,35055,28316
honest_29266560_3,29266560,24,36,24,21,12,56387,36293
honest_29559347_3,29559347,36,44,36,30,23,98045,82655
honest_30714276_3,30714276,19,40,19,32,11,127658,95731
honest_37586811_3,37586811,17,31,16,11,6,44114,31162
honest_38816077_3,38816077,24,28,24,20,16,44633,32931
honest_78402166_3,78402166,32,26,26,14,14,49328,49328
honest_21914632_4,21914632,17,37,16,16,7,49939,31346
honest_22172861_4,22172861,29,35,29,19,14,43114,32969
honest_23367857_4,23367857,20,24,20,10,9,26006,25133
honest_29266560_4,29266560,26,36,26,28,18,65886,36806
honest_29559347_4,29559347,26,33,26,20,15,49097,44176
honest_30714276_4,30714276,36,78,35,31,14,118710,81872
honest_37586811_4,37586811,24,35,23,17,10,54830,39045
honest_38816077_4,38816077,40,54,38,26,18,71196,50907
honest_78402166_4,78402166,29,24,24,18,18,51955,51955
honest_21914632_5,21914632,14,33,14,9,5,35159,30443
honest_22172861_5,22172861,28,30,28,15,13,46437,43196
honest_23367857_5,23367857,19,23,19,10,9,31680,28717
honest_29266560_5,29266560,27,38,27,29,19,91077,41081
honest_29559347_5,29559347,19,19,19,19,19,52122,52122
honest_30714276_5,30714276,29,60,28,31,15,96460,63689
honest_37586811_5,37586811,15,29,13,10,6,46009,41087
honest_38816077_5,38816077,39,47,39,21,18,69327,59968
honest_78402166_5,78402166,39,33,33,14,14,67533,67533
honest_17446801_6,17446801,27,41,26,17,12,58887,37042
honest_21914632_6,21914632,25,50,21,18,10,71148,49024
honest_22172861_6,22172861,12,17,12,11,6,23888,18808
honest_23367857_6,23367857,21,25,21,13,10,38081,32032
honest_29266560_6,29266560,23,35,23,26,15,73447,29999
honest_29559347_6,29559347,23,29,23,15,11,46524,30035
honest_30714276_6,30714276,33,74,31,36,14,114236,69537
honest_37586811_6,37586811,27,39,27,17,13,59080,54586
honest_38816077_6,38816077,32,28,28,16,16,64892,64892
honest_78402166_6,78402166,40,36,36,15,15,68731,68731
honest_17446801_7,17446801,28,44,26,19,13,43617,34269
honest_21914632_7,21914632,19,41,18,11,6,39356,32293
honest_22172861_7,22172861,25,28,22,12,10,28349,25449
honest_23367857_7,23367857,18,21,17,8,7,31672,28207
honest_29266560_7,29266560,32,47,32,27,17,80465,43182
honest_29559347_7,29559347,27,33,27,21,17,61615,51989
honest_30714276_7,30714276,31,64,30,29,13,112843,81110
honest_37586811_7,37586811,33,50,30,20,15,85845,74535
honest_38816077_7,38816077,40,52,38,25,17,70362,50450
honest_78402166_7,78402166,29,25,25,16,16,51168,51168
honest_17446801_8,17446801,14,31,14,17,7,50691,37042
honest_21914632_8,21914632,27,58,26,22,8,68317,33383
honest_22172861_8,22172861,14,24,14,11,6,31956,20732
honest_23367857_8,23367857,29,27,27,10,10,30048,30048
honest_29266560_8,29266560,20,31,20,20,10,49017,32904
honest_29559347_8,29559347,34,43,34,26,17,114319,69576
honest_30714276_8,30714276,40,96,40,51,22,138189,83896
honest_37586811_8,37586811,20,32,18,13,8,42252,36161
honest_38816077_8,38816077,36,45,36,22,17,72144,51539
honest_78402166_8,78402166,37,27,27,12,12,45188,45188
honest_17446801_9,17446801,19,34,19,19,10,43930,32970
honest_21914632_9,21914632,27,56,26,23,12,91012,41600
honest_22172861_9,22172861,11,15,9,9,5,25565,16456
honest_23367857_9,23367857,17,16,16,10,10,32230,32230
honest_29266560_9,29266560,21,31,21,21,13,43128,27199
honest_29559347_9,29559347,46,48,46,28,26,91467,86300
honest_30714276_9,30714276,23,48,21,31,9,83759,49622
honest_37586811_9,37586811,27,38,26,15,12,68606,65633
honest_38816077_9,38816077,20,27,20,19,13,72955,49114
honest_78402166_9,78402166,38,28,28,12,12,96735,96735
honest_21914632_10,21914632,26,50,26,19,11,65484,54221
honest_22172861_10,22172861,13,19,13,10,7,34628,29560
honest_23367857_10,23367857,30,31,26,11,10,53030,46942
honest_29266560_10,29266560,29,42,29,26,15,73227,42425
honest_29559347_10,29559347,27,34,25,17,12,35726,24415
honest_30714276_10,30714276,29,61,29,39,14,101888,63575
honest_37586811_10,37586811,19,31,17,10,7,49865,42330
honest_38816077_10,38816077,15,26,12,16,7,40766,25062
honest_78402166_10,78402166,29,23,23,17,17,55151,55151
honest_17446801_11,17446801,13,29,13,14,5,45289,32778
honest_21914632_11,21914632,20,43,19,11,7,42970,35772
honest_22172861_11,22172861,13,21,13,9,6,22587,17777
honest_23367857_11,23367857,24,25,22,11,10,26435,25790
honest_29266560_11,29266560,21,32,21,18,11,64750,29601
honest_29559347_11,29559347,25,29,23,16,13,31104,23392
honest_30714276_11,30714276,36,83,36,39,15,154616,84802
honest_37586811_11,37586811,23,33,20,13,10,40595,36699
honest_38816077_11,38816077,45,54,42,22,18,55467,43517
honest_78402166_11,78402166,37,27,27,12,12,71026,71026
honest_11762372_1,11762372,21,37,20,24,12,77275,45821
honest_12990180_1,12990180,26,32,26,23,17,61964,45373
honest_15165306_1,15165306,26,41,25,23,13,49896,34820
honest_11762372_2,11762372,55,92,54,50,27,127389,73815
honest_12990180_2,12990180,17,23,16,14,8,49755,31173
honest_15165306_2,15165306,25,31,25,16,14,45714,40042
honest_11762372_3,11762372,19,34,18,25,12,77167,40727
honest_12990180_3,12990180,25,31,22,12,8,50848,30978
honest_15165306_3,15165306,25,35,23,15,11,47715,41151
honest_11762372_4,11762372,26,39,26,31,18,85494,54145
honest_12990180_4,12990180,17,26,16,12,7,42237,29190
honest_15165306_4,15165306,21,26,20,14,12,41025,35925
honest_11762372_5,11762372,32,65,32,44,21,124020,66395
honest_12990180_5,12990180,20,28,20,12,9,40691,31263
honest_15165306_5,15165306,21,28,19,19,12,56592,40085
honest_11762372_6,11762372,30,63,30,32,17,81661,53582
honest_12990180_6,12990180,45,43,43,16,16,59736,59736
honest_15165306_6,15165306,17,24,17,17,11,48749,33186
honest_11762372_7,11762372,28,57,28,40,18,118599,69930
honest_12990180_7,12990180,19,27,18,9,7,42240,36844
honest_15165306_7,15165306,14,20,12,13,8,41324,25963
honest_11762372_8,11762372,30,59,30,38,17,97062,55200
honest_12990180_8,12990180,22,29,21,12,9,44417,32926
honest_15165306_8,15165306,21,26,21,19,14,82236,54259
honest_11762372_9,11762372,27,55,26,38,17,80878,42235
honest_12990180_9,12990180,35,35,35,19,19,70460,70460
honest_15165306_9,15165306,18,24,18,15,10,40570,28667
honest_11762372_10,11762372,26,44,26,29,14,102908,47699
honest_12990180_10,12990180,27,33,26,14,11,61792,43232
honest_15165306_10,15165306,16,22,14,13,8,46145,28248
honest_11762372_11,11762372,26,44,26,29,16,92859,48042
honest_12990180_11,12990180,17,25,17,11,7,57885,33495
honest_15165306_11,15165306,14,20,14,15,10,37111,22803
honest_11762372_12,11762372,29,58,27,34,17,104093,41752
honest_12990180_12,12990180,29,34,28,17,12,54485,41321
honest_15165306_12,15165306,22,28,21,14,12,34025,30969
honest_11762372_13,11762372,27,49,27,33,18,100977,63437
honest_12990180_13,12990180,16,21,16,12,7,46293,35264
honest_15165306_13,15165306,19,25,18,13,10,46659,41632
honest_15684771_1,15684771,20,14,14,12,12,58669,58669
honest_17221481_1,17221481,30,25,25,19,19,77407,77407
honest_22021253_1,22021253,22,20,20,11,11,36076,36076
honest_25305237_1,25305237,38,47,38,21,17,82167,64827
honest_29328278_1,29328278,22,47,21,22,11,59935,38352
honest_3070723_1,3070723,45,37,37,20,20,77129,77129
honest_38102481_1,38102481,25,52,25,46,19,109217,29770
honest_45267439_1,45267439,40,34,34,15,15,45261,45261
honest_463963_1,463963,24,14,14,7,7,38510,38510
honest_59487096_1,59487096,21,29,19,13,6,38364,14353
honest_7572974_1,7572974,24,33,23,21,12,65583,49178
honest_15684771_2,15684771,22,43,22,22,13,74677,45324
honest_17221481_2,17221481,34,27,27,19,19,68404,68404
honest_22021253_2,22021253,21,19,19,14,14,44206,44206
honest_25305237_2,25305237,43,50,42,26,21,69888,59662
honest_29328278_2,29328278,19,39,18,18,10,42265,29537
honest_3070723_2,3070723,47,38,38,32,32,99901,99901
honest_38102481_2,38102481,25,27,25,19,17,61171,56363
honest_45267439_2,45267439,28,27,27,11,11,32146,32146
honest_463963_2,463963,26,16,16,8,8,44151,44151
honest_59487096_2,59487096,34,36,31,10,8,36737,28787
honest_7572974_2,7572974,26,44,23,19,12,58707,40071
honest_10730838_1,10730838,32,28,28,20,20,113050,113050
honest_10736505_1,10736505,12,20,12,20,12,21840,11699
honest_65297987_1,65297987,29,45,28,20,13,61749,43119
honest_6624622_1,6624622,14,17,14,11,8,26829,22038
honest_67034029_1,67034029,24,40,24,32,16,121582,67835
honest_10730838_2,10730838,38,28,28,22,22,87580,87580
honest_10736505_2,10736505,22,45,22,17,8,38733,17090
honest_65297987_2,65297987,22,37,22,26,11,87744,25966
honest_6624622_2,6624622,17,18,14,7,6,18689,18064
honest_67034029_2,67034029,39,54,39,45,30,120197,78896
honest_10730838_3,10730838,20,24,20,15,11,87507,77609
honest_10736505_3,10736505,44,59,41,20,16,44568,30923
honest_65297987_3,65297987,35,58,35,22,14,81318,46639
honest_6624622_3,6624622,21,27,21,11,9,25732,20105
honest_67034029_3,67034029,34,48,34,39,25,110438,80335
honest_10730838_4,10730838,44,44,44,20,20,93901,93901
honest_10736505_4,10736505,37,48,36,25,18,43350,31574
honest_65297987_4,65297987,42,74,39,29,17,90021,54633
honest_6624622_4,6624622,15,17,13,9,7,21766,19102
honest_67034029_4,67034029,23,36,23,30,17,100656,81057
honest_10730838_5,10730838,29,27,27,20,20,78759,78759
honest_10736505_5,10736505,39,51,39,23,18,35561,26950
honest_65297987_5,65297987,31,51,30,20,12,78055,44801
honest_6624622_5,6624622,12,16,12,8,7,18740,17095
honest_67034029_5,67034029,27,42,27,34,19,91562,67170
honest_10730838_6,10730838,20,19,19,14,14,71086,71086
honest_10736505_6,10736505,28,45,26,18,10,44419,27715
honest_65297987_6,65297987,41,65,40,24,16,86447,66824
honest_6624622_6,6624622,18,18,18,9,9,23935,23935
honest_67034029_6,67034029,40,54,40,45,31,141810,103099
honest_21529540_1,21529540,13,43,13,35,6,112000,16208
honest_38302492_1,38302492,50,73,50,37,19,95742,65942
honest_50110992_1,50110992,26,30,26,13,11,63954,58500
honest_52532893_1,52532893,18,28,18,14,8,52331,21655
honest_58313106_1,58313106,18,35,18,22,8,54426,24849
honest_6241282_1,6241282,34,37,34,17,16,59811,57601
honest_70849769_1,70849769,16,30,16,19,5,39896,23402
honest_7225888_1,7225888,32,40,32,31,23,99284,74451
honest_8699293_1,8699293,13,20,13,14,9,35742,22391
honest_21529540_2,21529540,14,50,14,41,8,90603,36815
honest_38302492_2,38302492,38,59,38,40,20,97314,57408
honest_50110992_2,50110992,31,42,31,17,12,88106,63875
honest_52532893_2,52532893,27,37,26,23,14,54157,29411
honest_58313106_2,58313106,24,37,24,22,13,59731,40759
honest_6241282_2,6241282,34,43,34,22,17,82887,69063
honest_70849769_2,70849769,22,40,22,23,12,54166,26118
honest_7225888_2,7225888,26,31,26,25,20,69808,63622
honest_8699293_2,8699293,22,35,22,25,12,66668,30852
honest_21529540_3,21529540,40,63,40,57,34,182685,99913
honest_38302492_3,38302492,39,63,37,21,13,55924,39936
honest_50110992_3,50110992,33,42,33,19,16,97358,90219
honest_52532893_3,52532893,33,43,31,16,12,57797,33624
honest_58313106_3,58313106,34,61,33,29,14,82126,47959
honest_6241282_3,6241282,31,35,29,14,12,42354,39690
honest_70849769_3,70849769,16,30,15,13,5,29611,15516
honest_7225888_3,7225888,40,42,40,31,29,110399,106893
honest_8699293_3,8699293,32,47,32,42,27,164609,103721
honest_21529540_4,21529540,44,76,44,67,35,233024,113026
honest_38302492_4,38302492,37,58,35,28,17,73621,34502
honest_50110992_4,50110992,20,11,11,11,11,67310,67310
honest_52532893_4,52532893,38,44,38,24,18,70811,47809
honest_58313106_4,58313106,25,42,23,19,10,58358,42491
honest_6241282_4,6241282,35,43,34,18,14,53474,46344
honest_70849769_4,70849769,28,46,25,19,10,60867,26999
honest_7225888_4,7225888,29,36,27,19,12,65220,41498
honest_8699293_4,8699293,24,41,23,23,10,44201,24433
honest_21529540_5,21529540,8,33,8,26,3,111815,11428
honest_38302492_5,38302492,39,62,37,20,12,79282,36302
honest_50110992_5,50110992,26,28,26,11,10,65625,64545
honest_52532893_5,52532893,28,37,28,25,16,73571,43335
honest_58313106_5,58313106,25,39,25,26,12,59851,35990
honest_6241282_5,6241282,40,51,40,26,20,99766,83829
honest_70849769_5,70849769,34,48,34,22,11,45444,28639
honest_7225888_5,7225888,12,30,12,23,6,63321,22365
honest_8699293_5,8699293,17,23,17,13,8,54724,23570
honest_21529540_6,21529540,27,58,27,49,20,225388,82631
honest_38302492_6,38302492,34,45,34,27,16,59665,39549
honest_50110992_6,50110992,26,30,20,11,7,67885,54508
honest_52532893_6,52532893,33,42,32,26,19,65108,44686
honest_58313106_6,58313106,35,90,35,46,15,139596,53623
honest_6241282_6,6241282,36,50,36,20,14,67318,43437
honest_70849769_6,70849769,40,66,40,32,18,84666,57483
honest_7225888_6,7225888,11,26,11,14,6,46463,11564
honest_8699293_6,8699293,12,17,12,12,8,25270,9321
honest_21529540_7,21529540,21,52,21,39,13,177813,57959
honest_38302492_7,38302492,36,48,35,21,15,59344,36112
honest_50110992_7,50110992,25,27,24,11,10,63223,59822
honest_52532893_7,52532893,27,32,27,25,20,64144,42926
honest_58313106_7,58313106,24,38,23,23,11,64329,37243
honest_6241282_7,6241282,33,36,33,25,22,72627,67338
honest_70849769_7,70849769,25,44,25,22,12,60464,30825
honest_7225888_7,7225888,31,37,31,24,20,55242,51577
honest_8699293_7,8699293,21,33,21,23,13,50754,33715
honest_13945984_1,13945984,43,55,43,45,33,95549,70688
honest_2149564_1,2149564,16,23,16,16,10,63868,39569
honest_27151176_1,27151176,26,29,26,11,8,76123,64789
honest_27742462_1,27742462,36,39,34,19,16,45481,38433
honest_13945984_2,13945984,32,49,32,43,26,85268,57443
honest_2149564_2,2149564,22,30,22,20,13,69147,49662
honest_27151176_2,27151176,29,44,29,22,11,106861,62723
honest_27742462_2,27742462,47,44,44,21,21,43002,43002
honest_13945984_3,13945984,20,33,20,25,12,65767,34684
honest_2149564_3,2149564,18,27,18,14,8,53252,37450
honest_27151176_3,27151176,26,28,25,10,8,74829,68681
honest_27742462_3,27742462,49,45,45,26,26,48096,48096
honest_13945984_4,13945984,18,27,18,17,10,41113,30032
honest_2149564_4,2149564,17,24,17,16,11,55933,42457
honest_27151176_4,27151176,29,33,29,24,20,92327,83400
honest_27742462_4,27742462,21,31,21,14,8,25470,13495
honest_13945984_5,13945984,50,60,50,41,31,92922,80198
honest_2149564_5,2149564,17,26,17,16,9,61529,42393
honest_27151176_5,27151176,26,30,26,11,9,84650,62848
honest_27742462_5,27742462,20,30,20,16,9,48632,35631
honest_13945984_6,13945984,23,36,22,18,12,52962,45406
honest_2149564_6,2149564,17,26,15,14,7,56391,36660
honest_27151176_6,27151176,22,25,22,12,9,88016,78985
honest_27742462_6,27742462,27,32,27,26,21,53834,45313
honest_13945984_7,13945984,25,41,24,17,11,50905,39208
honest_2149564_7,2149564,28,31,28,18,16,60541,52353
honest_27151176_7,27151176,30,47,30,19,11,86894,66084
honest_27742462_7,27742462,29,35,29,25,21,51773,44597
honest_13945984_8,13945984,13,23,13,18,8,46312,23860
honest_2149564_8,2149564,19,28,18,15,9,51176,34195
honest_27151176_8,27151176,22,24,22,17,15,84401,76800
honest_27742462_8,27742462,35,38,34,18,15,40519,34633
honest_14190731_1,14190731,17,46,17,40,12,150156,31521
honest_29396928_1,29396928,20,45,20,29,6,85557,9555
honest_39477163_1,39477163,20,22,18,12,11,26393,24722
honest_44726377_1,44726377,41,109,41,53,14,95964,30042
honest_14190731_2,14190731,13,25,12,19,7,86111,32753
honest_29396928_2,29396928,33,56,33,26,12,80729,44956
honest_39477163_2,39477163,22,24,19,11,9,25940,22113
honest_44726377_2,44726377,24,58,24,33,9,72636,19918
honest_14190731_3,14190731,12,23,12,14,6,44258,39722
honest_29396928_3,29396928,33,56,31,20,12,63869,48983
honest_39477163_3,39477163,14,17,14,10,7,20709,17115
honest_44726377_3,44726377,39,76,37,29,12,58075,15945
honest_14190731_4,14190731,50,69,50,63,44,180164,121769
honest_29396928_4,29396928,35,59,33,23,12,64857,44857
honest_39477163_4,39477163,28,26,26,12,12,28074,28074
honest_44726377_4,44726377,39,86,38,32,13,71747,25339
honest_14190731_5,14190731,14,26,14,19,7,62182,41864
honest_29396928_5,29396928,41,68,41,27,15,90391,61882
honest_39477163_5,39477163,15,21,15,8,7,19019,16666
honest_44726377_5,44726377,33,64,32,24,12,65209,21438
honest_14190731_6,14190731,15,33,15,27,9,97909,31337
honest_29396928_6,29396928,30,54,30,21,12,59268,45901
honest_39477163_6,39477163,24,25,21,12,11,27136,25554
honest_44726377_6,44726377,39,89,37,33,11,74290,20009
honest_14190731_7,14190731,17,44,17,37,12,143902,53928
honest_29396928_7,29396928,26,52,25,19,8,61677,42954
honest_39477163_7,39477163,30,28,28,11,11,26994,26994
honest_44726377_7,44726377,41,92,39,30,12,81500,33165
honest_14190731_8,14190731,34,49,34,43,28,162386,85735
honest_29396928_8,29396928,37,62,37,22,13,73581,46491
honest_39477163_8,39477163,15,20,10,7,5,20557,16965
honest_44726377_8,44726377,30,62,30,41,15,69334,22648
honest_14190731_9,14190731,25,47,25,41,19,146484,44789
honest_29396928_9,29396928,19,35,18,21,6,64788,39840
honest_39477163_9,39477163,19,21,19,10,9,24753,22523
honest_44726377_9,44726377,36,71,36,30,14,81893,34143
honest_17820740_1,17820740,17,28,14,16,10,70501,61026
honest_48451721_1,48451721,44,21,21,18,18,51062,51062
honest_8657908_1,8657908,52,79,52,44,30,112380,52991
honest_9433452_1,9433452,32,34,32,18,16,77161,67798
honest_17820740_2,17820740,28,36,26,19,13,74134,62373
honest_48451721_2,48451721,20,17,17,13,13,63306,63306
honest_8657908_2,8657908,41,60,40,33,22,80455,53913
honest_9433452_2,9433452,35,39,35,31,27,122018,116399
honest_17820740_3,17820740,30,37,27,19,15,88699,80831
honest_48451721_3,48451721,48,30,30,19,19,70271,70271
honest_8657908_3,8657908,23,44,23,30,14,65741,27689
honest_9433452_3,9433452,43,47,43,29,25,86266,76063
honest_17820740_4,17820740,44,65,43,26,22,178418,152322
honest_48451721_4,48451721,24,18,18,13,13,53584,53584
honest_8657908_4,8657908,50,65,50,37,25,92439,59889
honest_9433452_4,9433452,42,45,42,18,15,88487,76239
honest_17820740_5,17820740,20,34,20,31,17,70136,57422
honest_48451721_5,48451721,26,20,20,14,14,69087,69087
honest_8657908_5,8657908,47,63,46,35,29,94697,87311
honest_9433452_5,9433452,38,39,38,29,28,65975,63649
honest_11436013_1,11436013,48,79,48,59,30,132353,72945
honest_26225238_1,26225238,22,22,22,9,9,32394,32394
honest_34593048_1,34593048,33,53,33,26,16,67795,46955
honest_5566310_1,5566310,27,18,18,11,11,40233,40233
honest_11436013_2,11436013,25,61,22,34,8,149404,49494
honest_26225238_2,26225238,28,28,28,11,11,39670,39670
honest_34593048_2,34593048,29,37,29,24,16,60950,44509
honest_5566310_2,5566310,29,26,26,8,8,58366,58366
honest_11436013_3,11436013,22,38,22,28,12,82398,47187
honest_26225238_3,26225238,24,26,23,11,10,30540,29348
honest_34593048_3,34593048,30,52,28,27,11,117993,55295
honest_5566310_3,5566310,28,23,23,8,8,36857,36857
honest_11436013_4,11436013,27,61,27,49,15,141339,60250
honest_26225238_4,26225238,21,21,21,9,9,32413,32413
honest_34593048_4,34593048,16,33,16,17,6,42468,21638
honest_5566310_4,5566310,28,23,23,8,8,48876,48876
honest_14371695_1,14371695,21,16,16,10,10,37945,37945
honest_16773189_1,16773189,20,65,20,35,7,83560,13820
honest_19806945_1,19806945,34,37,34,19,17,77276,67320
honest_52018092_1,52018092,37,42,37,27,22,60048,48715
honest_60079327_1,60079327,21,18,18,13,13,37569,37569
honest_14371695_2,14371695,26,21,21,12,12,36734,36734
honest_16773189_2,16773189,20,78,19,44,8,103785,23542
honest_19806945_2,19806945,36,42,36,25,19,63827,50880
honest_52018092_2,52018092,42,46,42,31,27,63095,53094
honest_60079327_2,60079327,21,22,18,9,8,33819,30229
honest_14371695_3,14371695,26,21,21,11,11,36300,36300
honest_16773189_3,16773189,17,63,17,36,7,106319,15993
honest_19806945_3,19806945,36,61,34,27,12,75889,37958
honest_52018092_3,52018092,34,40,34,24,18,61227,48653
honest_60079327_3,60079327,23,24,23,11,10,45220,38190
honest_11618144_1,11618144,38,35,35,17,17,71632,71632
honest_13976680_1,13976680,30,35,27,13,11,58935,54474
honest_15443246_1,15443246,24,30,22,13,10,44375,40108
honest_16158435_1,16158435,32,43,32,30,21,85514,61655
honest_29603725_1,29603725,35,39,35,30,26,113681,94338
honest_38927895_1,38927895,30,36,26,10,9,58664,44060
honest_42299905_1,42299905,28,46,26,20,11,65087,50055
honest_43511508_1,43511508,25,21,21,11,11,35651,35651
honest_44001260_1,44001260,27,30,27,19,16,53905,48325
honest_50863306_1,50863306,28,40,27,14,10,48135,35362
honest_52611053_1,52611053,36,25,25,9,9,31331,31331
honest_5498142_1,5498142,30,27,27,11,11,40790,40790
honest_6935769_1,6935769,18,24,18,13,11,37901,27260
honest_6935769_2,6935769,15,19,14,10,8,32566,25341
honest_6935769_3,6935769,18,23,17,10,8,38229,27776
honest_6935769_4,6935769,19,27,19,18,11,58980,27466
honest_6935769_5,6935769,20,27,20,18,13,69429,51311
honest_6935769_6,6935769,22,37,22,30,15,75289,52496
honest_6935769_7,6935769,22,30,22,24,16,86593,63643
honest_6935769_8,6935769,15,20,15,11,9,36928,29231
honest_6935769_9,6935769,13,17,13,10,7,34972,24847
honest_6935769_10,6935769,15,19,15,13,10,54917,45575
honest_6935769_11,6935769,19,26,19,18,11,67749,47255
honest_6935769_12,6935769,15,20,14,12,9,38874,33591
honest_17820740_6,17820740,27,34,25,18,14,80291,70350
honest_8657908_6,8657908,45,60,45,38,25,76952,48769
honest_9433452_6,9433452,50,56,50,23,18,81463,74978
honest_9433452_7,9433452,48,48,48,27,27,93390,93390
honest_11436013_5,11436013,28,61,28,50,19,137066,53561
honest_3070723_3,3070723,42,31,31,25,25,69024,69024
honest_3070723_4,3070723,23,30,23,17,13,70934,60856
honest_3070723_5,3070723,29,30,29,24,23,71339,70730
honest_3070723_6,3070723,22,27,21,13,9,91734,68175
honest_17820740_7,17820740,31,44,30,27,22,104375,91833
honest_8657908_7,8657908,34,58,33,36,21,92209,53105
